GEOID,community_louvain,community_leiden
170314005002,1,8
170314804006,9,12
170314804007,7,9
170312909001,2,4
170312909002,5,10
170312909003,13,6
170312909004,13,6
170318387002,0,7
170313102001,11,2
170313102002,10,1
170314805001,9,12
170314105002,10,1
170312912002,1,8
170318431001,2,4
170318433001,0,7
170318387004,12,13
170318431002,12,13
170314008001,2,4
170314008002,0,7
170318363001,7,9
170314105001,10,1
170314106002,2,4
170314107001,10,1
170314108001,10,1
170314108002,10,1
170314905001,7,9
170314907001,6,11
170318216001,11,5
170318392002,10,1
170312922001,5,10
170312922002,13,6
170312925001,1,8
170312922003,13,6
170312924001,2,4
170312925002,0,7
170312925003,9,12
170313106001,10,1
170313104001,10,1
170313109003,8,3
170313106002,8,3
170313108003,8,3
170313109001,8,3
170313109002,8,3
170314110001,2,4
170314110002,11,2
170314110003,10,1
170314111001,11,2
170314111002,11,2
170314112001,11,2
170314112002,10,1
170314907002,0,7
170314907003,13,6
170314908001,7,9
170314908002,13,6
170314908004,7,9
170314909024,6,11
170314208002,5,10
170315701001,4,5
170318407001,8,3
170313005001,8,3
170313005002,8,3
170313006001,8,3
170313006002,8,3
170318412003,8,3
170318412001,2,4
170318413001,8,3
170318413004,8,3
170318413003,10,1
170314204001,7,9
170314206001,0,7
170314206002,0,7
170314207001,12,13
170314207002,6,11
170314207004,2,4
170314207005,13,6
170314208001,2,4
170314911001,1,8
170314911002,13,6
170315703001,8,3
170314911003,1,8
170314911004,7,10
170314911005,1,8
170315801001,8,3
170315801002,8,3
170314912002,7,9
170315703002,4,5
170315703003,3,0
170315704001,8,3
170315704002,4,5
170315705001,3,0
170315705002,8,3
170313007001,8,5
170313008001,3,0
170313008002,8,3
170313009002,8,3
170313012001,2,4
170318432002,8,3
170318432001,8,3
170318344001,1,8
170318344003,0,9
170318439002,12,13
170314212001,12,13
170314912001,13,6
170314912003,7,9
170314913002,6,11
170315803001,3,0
170314913003,0,7
170314914001,2,4
170315001001,1,8
170315001002,9,12
170315001003,13,6
170315802001,8,3
170315802002,4,5
170315805014,3,0
170315804001,4,5
170315804002,8,3
170315804003,8,3
170315804004,8,3
170315805022,3,0
170314302003,0,7
170318408001,8,3
170318408002,8,3
170313016001,3,0
170313017011,4,5
170313017023,3,0
170313017021,4,5
170313017022,8,3
170313018021,3,0
170314302001,6,11
170314302004,13,6
170314302005,6,11
170314304002,2,4
170314303001,1,8
170314303003,2,4
170314304001,0,7
170314304003,0,7
170314304004,2,4
170315001004,2,4
170315002001,13,6
170314305002,1,8
170314305003,0,7
170315002002,0,7
170315003001,10,1
170315101001,3,0
170315805021,4,5
170315805011,8,3
170315806001,8,3
170315806002,4,5
170315806003,8,3
170315807001,12,13
170318428004,2,4
170318428002,8,3
170318428005,4,0
170318428003,4,5
170314309001,0,7
170314306001,0,7
170314306002,0,7
170314308001,5,10
170314308002,1,8
170318342001,6,11
170315103001,13,6
170318342003,2,4
170315102001,4,5
170315102002,5,10
170316004001,10,1
170315103004,13,6
170318404002,11,2
170318403002,8,3
170318403003,8,3
170318403001,4,5
170318411001,6,11
170318411004,6,11
170318411002,10,1
170314313022,2,4
170314313012,1,8
170314313013,2,4
170314314002,2,4
170314314003,1,8
170315103003,1,8
170315202001,3,0
170315905001,8,3
170315906001,8,3
170315906003,8,3
170318401001,10,1
170316004002,10,1
170315202002,4,5
170316004003,10,1
170313018032,4,5
170313403001,8,3
170313405001,10,1
170314401011,2,4
170314401023,9,12
170314401014,2,4
170314402022,9,12
170314402023,9,12
170314402012,1,8
170314403003,6,11
170314403004,13,6
170314403005,7,10
170314403001,9,12
170315203001,3,0
170315203002,3,0
170315203003,4,5
170315205003,4,5
170315204001,4,5
170315204002,4,5
170315204004,3,0
170315205001,4,5
170316006001,8,3
170316007001,8,3
170318397003,10,1
170318397001,10,1
170318398002,10,1
170318305001,8,3
170318305002,4,0
170318420002,10,1
170313510001,1,8
170313510003,2,4
170318396001,1,8
170318424001,0,7
170314406001,7,9
170314406002,7,10
170314407001,0,7
170314407002,7,9
170314408001,0,7
170315302001,13,6
170315302002,2,4
170315302003,6,11
170316009001,2,4
170316009003,10,1
170318399004,6,11
170318400001,10,1
170318399001,8,2
170318399003,11,2
170318399005,10,1
170318400002,10,1
170318364001,0,7
170313602001,1,8
170318343005,7,9
170318364002,7,9
170314408002,5,10
170314409001,6,11
170314409002,13,6
170314409003,9,12
170318343003,12,13
170318343004,2,4
170318343001,9,12
170315303001,13,6
170315303002,9,12
170315303003,7,9
170315303004,13,6
170315304001,13,6
170315304002,9,12
170318426002,8,3
170316103001,3,0
170316103002,3,0
170316104001,3,0
170315306002,7,9
170313802001,1,8
170314503002,7,10
170314503003,0,7
170314601003,1,8
170314601004,0,8
170314602001,3,0
170315305011,1,8
170315305012,5,10
170315305031,13,6
170315306001,6,11
170316113001,12,13
170315306003,9,12
170318426003,10,1
170318438001,11,2
170312827001,1,8
170312828001,10,1
170314603013,0,7
170318360002,7,9
170318360001,7,9
170313812001,7,9
170314603021,7,10
170314603022,1,8
170314603023,2,4
170314603011,1,8
170314605001,2,4
170314603012,0,7
170314604002,9,12
170314604003,7,9
170314604004,9,12
170316113002,3,0
170314910001,9,12
170318216002,11,2
170317302012,0,7
170318346001,12,13
170314910003,1,8
170316812001,2,4
170316114001,8,3
170316812002,2,4
170314910002,13,6
170316113003,3,0
170316114003,3,0
170316115002,3,0
170316117003,3,0
170316116001,3,0
170316116002,13,6
170316117001,3,0
170318138012,4,5
170318138013,4,5
170318138024,4,5
170318142001,4,5
170318142002,4,5
170318142005,4,5
170318142006,4,5
170316304004,3,0
170315401012,2,4
170318358001,1,8
170318424002,1,8
170317403001,11,2
170318360003,1,8
170318436002,0,8
170318345001,0,6
170318362001,6,11
170318439001,12,13
170318344002,9,12
170318420001,7,9
170316813002,6,11
170314602002,8,3
170316713001,0,7
170316603024,3,0
170318342004,9,12
170318342002,9,12
170318340001,2,4
170318343002,13,6
170316812003,2,4
170316809001,2,4
170316903002,0,7
170316813001,6,11
170317101001,13,6
170316814003,13,6
170316905001,0,7
170316912002,7,10
170318343006,7,9
170318339001,2,4
170318339002,1,8
170318340002,5,10
170314909022,7,10
170313515002,6,11
170316913001,13,6
170317001002,4,5
170317002003,4,0
170317004023,0,9
170317005022,7,9
170317005021,13,6
170318352001,4,5
170318399002,10,1
170318397002,10,1
170318426001,11,2
170318426004,11,2
170318438002,13,6
170318351001,4,5
170318350001,3,0
170315603001,4,5
170316603011,3,0
170316711001,5,10
170316911004,2,4
170314109001,10,1
170316115001,8,3
170318233046,11,2
170318401002,10,1
170316604002,3,0
170316203006,4,0
170316009004,10,1
170315808001,3,3
170316203002,4,0
170318436001,7,9
170314603024,13,6
170318388002,4,5
170318347003,0,7
170318207001,11,2
170317203001,10,1
170316608004,4,5
170317102002,13,6
170313017013,4,5
170316009002,10,1
170314205001,7,9
170318387003,2,4
170314601002,0,7
170315502002,11,2
170318209011,11,2
170317104004,7,10
170316706002,6,11
170317404002,11,2
170314212002,0,7
170317105002,7,10
170316502003,4,0
170316605001,8,3
170314313021,2,4
170314401022,0,9
170316114002,3,0
170316909003,6,11
170317004013,4,5
170317302015,1,8
170318407002,6,11
170316303001,8,3
170318221022,11,2
170318365001,2,4
170313902002,10,1
170317108002,2,4
170314106001,10,1
170315501004,12,13
170317112003,7,10
170316502002,8,3
170313107001,8,3
170315906002,8,3
170312916001,8,3
170314303002,2,4
170314402011,9,12
170314604001,6,11
170318142003,4,5
170318398003,10,1
170314305001,2,4
170318233044,11,2
170318245031,11,2
170316604003,8,3
170317106002,9,12
170318218006,11,2
170313016002,4,5
170315907001,8,3
170317404001,11,2
170314302002,6,11
170314503004,7,10
170314207003,0,7
170318415001,1,8
170314102001,10,1
170316112001,3,0
170313017012,3,0
170316914003,9,12
170318439003,1,8
170318439005,9,12
170318264012,7,9
170318234001,4,5
170313818001,1,8
170313815001,1,8
170313817001,12,13
170313818002,2,4
170313819001,9,12
170313819002,9,12
170313901001,1,8
170314605003,2,4
170313902001,1,8
170313903002,1,8
170313904001,7,9
170314605004,6,11
170314605005,1,8
170314605006,6,11
170315501003,6,11
170314605007,0,7
170315501001,8,3
170315501002,11,2
170316201003,8,3
170316201001,3,0
170316120001,0,7
170316201002,3,0
170316202001,8,3
170316202002,8,3
170316203003,4,5
170318314001,1,8
170316203005,3,0
170318419002,10,1
170312838001,11,2
170312838002,10,1
170315501005,11,2
170315502001,4,5
170315601001,4,5
170316304001,3,0
170316203004,3,0
170316204001,8,3
170316204002,3,0
170316204003,8,3
170316204004,4,5
170316303002,3,0
170316304002,8,3
170316304003,3,0
170313904002,0,9
170318386002,2,4
170318386001,2,4
170318430001,7,10
170318361002,12,13
170313905001,10,1
170313906001,10,1
170313906002,10,1
170313907002,2,4
170318361001,7,9
170314801001,1,8
170314802001,1,8
170314804002,1,8
170314804003,1,8
170315602002,12,13
170314803001,9,12
170314804001,9,12
170314804004,13,6
170314804005,6,11
170315602001,6,11
170315604001,4,5
170318267001,7,9
170316501002,3,0
170316501004,8,3
170317304004,5,10
170316716002,13,6
170317108005,12,13
170318235003,4,0
170316910004,6,11
170316708001,13,6
170318142004,4,5
170317107003,6,11
170315807003,4,5
170316117002,3,0
170317401003,11,2
170318220005,11,2
170316806001,2,4
170316309001,3,0
170314913001,5,10
170315806004,3,0
170313108001,10,1
170317114003,9,12
170316203001,4,3
170314205002,0,7
170314802002,9,12
170314004002,2,4
170318398001,10,1
170314203001,10,1
170317105003,0,9
170316118002,1,8
170316119002,2,4
170316910002,7,10
170318363002,10,1
170316811003,12,13
170317102001,12,13
170313302001,2,4
170314913004,6,11
170314908005,2,4
170313504001,2,4
170313108002,2,4
170316909002,13,6
170316720003,13,6
170317201002,10,1
170317114002,0,10
170317103001,13,6
170317104005,7,10
170317112004,9,12
170317109002,5,10
170317110002,1,8
170317202003,10,1
170318349002,0,7
170318348003,13,6
170318348001,0,8
170318348002,0,7
170318418001,7,10
170315305033,6,11
170317003013,4,5
170317203003,10,1
170317205002,10,1
170318434001,4,5
170312832001,10,1
170313103001,11,2
170312924002,1,8
170317307002,7,10
170317207002,7,9
170317501003,6,11
170317304003,7,9
170317306002,5,10
170317305004,13,10
170313018023,8,3
170313018022,3,0
170314307002,0,7
170314314004,2,4
170314101002,10,1
170314109002,10,1
170313903001,2,4
170313511002,2,4
170313105001,8,3
170313018012,4,5
170315702001,4,5
170313106003,2,4
170317505004,13,6
170316006002,4,5
170313302002,10,1
170317402004,11,2
170317402003,11,2
170317403002,11,2
170317404004,11,2
170317506004,7,12
170317505003,7,9
170313511001,2,4
170313501002,2,4
170313012003,8,3
170313007003,3,0
170313009003,2,4
170313406001,2,4
170313514001,0,7
170313801001,7,9
170313812002,6,11
170313814001,9,12
170313907001,10,1
170314003001,0,7
170317003012,4,5
170314202001,10,1
170314004001,0,7
170314201001,2,4
170316503014,4,5
170318418002,5,10
170314309002,1,8
170314312002,1,8
170314312001,1,8
170314313023,1,8
170315401022,2,4
170316503013,8,3
170314909012,13,6
170317003023,8,3
170317003024,4,0
170313012002,2,4
170318382002,12,13
170319801001,12,13
170313011001,4,5
170313009001,8,3
170314701001,5,10
170318236021,11,2
170316915002,0,7
170314402021,0,7
170314403002,7,9
170316913002,6,11
170314503001,5,10
170314601001,0,7
170317004011,9,12
170313018033,8,3
170313018031,8,3
170317005016,5,10
170315805013,8,3
170313018011,4,0
170318430002,9,12
170313515001,2,4
170313501001,2,4
170313510002,2,4
170314101001,2,4
170314109003,10,1
170314301011,12,13
170314301012,12,13
170318439004,6,11
170318133012,3,0
170318133013,4,5
170318137023,8,3
170318137021,8,3
170318137022,4,5
170318137024,4,5
170318137011,3,0
170314805003,1,8
170314610001,0,7
170314701002,13,6
170315103002,0,7
170314801002,9,12
170314805002,1,8
170318137012,8,3
170314906001,7,9
170314307001,1,8
170314314001,1,8
170314401021,9,12
170314401024,0,7
170315305021,5,10
170315401023,13,6
170315805023,4,5
170316308001,3,0
170314905002,0,9
170314908003,6,11
170314909021,1,8
170314910004,0,7
170318217003,10,1
170316308002,8,3
170316308003,3,0
170318351002,8,3
170318333001,10,1
170316308004,3,0
170316309003,3,0
170316401001,8,3
170316309002,3,0
170316103003,8,3
170317003022,8,5
170314914003,0,7
170314914002,13,6
170315003002,10,1
170315202003,3,0
170316305001,8,3
170316305002,3,0
170315101002,3,0
170315102003,13,6
170315206001,4,5
170316305003,8,3
170316305004,4,5
170318351003,4,5
170318429001,10,1
170318412002,8,3
170318387001,1,8
170318417001,3,0
170318407003,8,3
170315301002,3,0
170315201001,8,3
170315203004,4,5
170315205002,4,5
170315301001,3,0
170315302005,7,10
170315302004,13,6
170315501006,4,0
170314909011,0,8
170318435001,4,5
170318413002,8,3
170318305003,3,0
170318402001,10,1
170318404001,8,3
170314402013,12,13
170315305013,6,11
170315305014,7,9
170314909013,9,12
170317004014,1,8
170315805012,6,11
170314401012,2,4
170315603002,4,5
170315703004,4,5
170315807002,3,0
170315907002,8,3
170318133021,4,5
170318244001,11,2
170318410001,10,1
170318411003,10,1
170318355001,0,7
170318395001,7,9
170318396002,1,8
170317113001,13,6
170317113002,7,9
170317114001,5,10
170317115001,5,10
170317115002,13,6
170317201003,10,1
170316904001,6,11
170317104003,1,8
170317202001,7,9
170317201001,10,1
170317202002,10,1
170318138011,3,3
170318209021,11,2
170318209022,11,2
170318257001,4,0
170318257002,13,6
170318227021,11,2
170318226021,10,1
170318226022,10,1
170318227012,11,2
170318227013,11,2
170318227014,10,2
170318227022,11,2
170318257003,7,9
170318258013,2,4
170318211022,11,2
170318211023,11,2
170318211024,11,2
170318212001,13,6
170318212002,4,5
170318212003,8,3
170318212004,8,3
170318213001,6,11
170318227023,11,2
170318228011,11,2
170318228012,10,1
170318228021,11,2
170318228022,11,2
170318228023,11,2
170318213002,4,0
170318213003,4,5
170318213004,6,11
170318214011,7,10
170318214012,6,11
170318214013,7,12
170318214014,7,10
170318214021,13,6
170318234002,10,1
170318214022,7,10
170318214023,7,9
170318216003,10,1
170318217001,11,2
170318232001,11,2
170318217004,10,1
170318217005,6,11
170318217002,11,2
170318218001,10,1
170318218002,11,2
170318218003,10,1
170318218004,9,12
170318218005,10,1
170318219001,11,2
170318219002,11,2
170318232002,11,2
170318233021,11,2
170318233022,11,2
170318233023,11,2
170318233031,11,2
170318219004,11,2
170318220001,11,2
170318220002,4,5
170318220003,11,2
170318220004,11,2
170318221011,11,2
170318219003,10,1
170318221012,11,2
170318233032,11,2
170318233033,10,2
170318233034,11,2
170318233035,11,2
170318233041,11,2
170318233042,11,2
170318233045,11,2
170318221013,10,1
170318221014,10,1
170318221021,11,2
170318221023,11,2
170318221024,11,2
170318222002,11,2
170318234003,2,4
170318234004,11,2
170318235001,11,2
170318235002,4,5
170318235004,10,1
170318265001,13,6
170318266001,13,6
170318236022,11,2
170318225001,11,2
170318225004,11,2
170318226011,11,2
170318236053,11,2
170318243001,13,6
170318266005,2,4
170318268003,6,11
170312912001,0,8
170318428006,4,5
170316706001,0,7
170316909001,2,4
170318233043,11,2
170318351004,3,0
170315204003,4,0
170316603023,3,0
170313404001,10,1
170314005001,1,8
170314909023,0,8
170315401021,2,4
170317107002,13,6
170317105004,0,7
170317302022,7,9
170317306003,7,9
170314402014,2,4
170316609001,0,7
170318219005,11,2
170318415002,0,7
170316112002,4,0
170314401013,2,4
170314313011,2,4
170317005015,9,12
170314301022,2,4
170314301023,12,13
170314301021,1,8
170314301013,1,8
170314301014,5,10
170316603022,3,0
170316007002,10,1
170316108001,11,2
170315305032,13,6
170316120002,0,7
170316119001,0,7
170316118001,0,7
170316121001,0,7
170318245035,11,2
170318243003,7,9
170318133022,8,3
170318365002,6,11
170318364003,7,9
170318355002,0,7
170318356001,3,0
170318356002,2,4
170313011002,3,3
170316708002,0,7
170313907003,10,1
170318236031,4,5
170318236032,6,11
170316705001,3,6
170316503021,4,5
170316503022,4,0
170316609003,13,6
170316611005,4,5
170316709002,5,10
170316702001,0,7
170316704001,0,7
170316715003,0,7
170316715002,0,7
170316718001,13,6
170316719001,7,10
170316809002,2,4
170316810004,0,7
170316408001,8,3
170318208003,11,2
170318215001,7,6
170318227011,10,1
170318268004,3,6
170316809004,2,4
170316407001,4,5
170316407002,6,11
170316408002,3,5
170316811005,6,11
170316501001,3,0
170316810002,12,13
170316810003,0,7
170316810001,1,8
170316811001,2,4
170316811002,12,13
170316811004,0,7
170313007002,8,3
170318392001,2,4
170315401011,2,4
170317204002,10,1
170317203004,6,11
170317203002,10,1
170317204001,11,2
170316504001,8,3
170312831001,1,8
170316501003,8,3
170316502001,6,11
170316502004,3,0
170316502005,4,0
170316503012,4,5
170316503011,3,0
170316504002,3,0
170316504003,3,0
170316504004,4,0
170317301003,13,6
170316813003,2,4
170316814001,0,9
170316814004,2,4
170316814002,0,7
170318425001,0,7
170316903001,2,4
170317205001,10,1
170317206001,10,1
170317206002,10,1
170317207003,10,1
170317207001,7,9
170317301001,1,8
170317301002,7,9
170316505003,4,0
170316504005,3,0
170316505001,4,0
170316505002,8,3
170318350003,3,0
170318350002,3,6
170318350004,4,5
170318350005,3,0
170316603021,3,0
170316904002,1,8
170316904003,2,4
170316904004,13,6
170317302021,13,6
170317302023,9,12
170317302013,0,7
170317302011,6,11
170317302014,0,7
170317303001,7,10
170317304001,1,8
170316606005,3,0
170316604001,4,5
170316604004,3,0
170316605002,3,0
170316605003,4,5
170316605004,3,0
170316606001,3,0
170316606002,3,0
170316606003,3,0
170316606004,3,0
170316607001,13,6
170316607002,13,6
170316608001,13,6
170316608002,4,5
170316911002,0,7
170316909004,9,12
170316909005,1,8
170316910001,1,8
170316910003,6,11
170316911001,2,4
170316911003,2,4
170317305003,0,7
170317304002,7,9
170317305001,13,6
170317305002,5,10
170317306001,1,8
170317307001,7,9
170316609002,13,6
170316608003,4,5
170316608005,8,3
170316914004,0,7
170316610001,13,6
170316610002,13,6
170316610003,13,6
170316610004,13,6
170316610005,0,7
170316611001,4,5
170316611002,4,5
170316912003,12,13
170316912001,0,7
170316914001,1,8
170316914002,5,10
170316914005,9,12
170316915003,13,6
170316915001,6,11
170317401001,11,2
170317401002,11,2
170317401004,11,2
170317402001,11,2
170317402002,10,1
170316611003,3,0
170316611004,3,0
170316701001,0,7
170316701002,3,6
170316703001,4,5
170316703002,5,10
170317001001,4,5
170317002001,4,0
170317002004,4,5
170317002002,4,5
170317003011,4,5
170317403003,11,2
170317403004,11,2
170317403005,10,1
170317404003,10,1
170317501001,7,9
170317501002,9,12
170317501004,0,7
170317504001,11,2
170316707001,13,6
170316709001,0,7
170316712001,2,4
170316713002,5,10
170316713003,2,4
170317003021,11,2
170317502001,6,11
170317502002,7,9
170317502003,10,1
170317502004,10,1
170317503001,10,1
170317503002,10,1
170317503003,10,1
170317504002,7,9
170316720001,13,6
170316714001,7,10
170316714002,13,6
170316715001,0,7
170316716001,2,4
170316716003,7,6
170318349001,0,7
170317004022,3,0
170317004021,3,0
170317004012,13,6
170317005012,7,9
170317005011,7,9
170317005013,9,12
170317504003,11,2
170317505001,11,2
170317505002,9,12
170317506001,7,9
170317506002,7,10
170317102004,2,4
170316720002,0,8
170316720004,7,10
170318346002,7,10
170317005014,9,12
170317102003,7,10
170317102005,0,7
170317104001,6,11
170317104002,13,6
170316502006,8,3
170317104006,9,12
170317506003,7,9
170318347001,13,6
170318347002,13,6
170316805001,5,10
170316809003,7,9
170317105001,7,10
170317106001,5,10
170317107001,1,8
170317107004,2,4
170317108001,13,6
170317108003,7,9
170317108004,1,12
170317108006,2,4
170317109001,0,7
170317110003,13,6
170317110001,7,10
170317111001,5,10
170317111002,0,7
170317111003,13,6
170317112001,7,9
170317112002,9,12
170314605002,0,7
170318388001,3,0
170318428001,2,4
170316707002,2,4
